package,licence_source,licence
github.com/Azure/go-ntlmssp,https://github.com/Azure/go-ntlmssp/blob/v0.1.1/LICENSE,MIT
github.com/beorn7/perks/quantile,https://github.com/beorn7/perks/blob/v1.0.1/LICENSE,MIT
github.com/blang/semver,https://github.com/blang/semver/blob/v3.5.1/LICENSE,MIT
github.com/blang/semver/v4,https://github.com/blang/semver/blob/v4.0.0/v4/LICENSE,MIT
github.com/cespare/xxhash/v2,https://github.com/cespare/xxhash/blob/v2.3.0/LICENSE.txt,MIT
github.com/cilium/ebpf,https://github.com/cilium/ebpf/blob/v0.22.0/LICENSE,MIT
github.com/cloudflare/cbpfc,https://github.com/cloudflare/cbpfc/blob/ff978e94500b/LICENSE,BSD-3-Clause
github.com/containerd/containerd,https://github.com/containerd/containerd/blob/v1.7.33/LICENSE,Apache-2.0
github.com/containerd/containerd/api,https://github.com/containerd/containerd/blob/api/v1.8.0/api/LICENSE,Apache-2.0
github.com/containerd/continuity,https://github.com/containerd/continuity/blob/v0.4.4/LICENSE,Apache-2.0
github.com/containerd/errdefs,https://github.com/containerd/errdefs/blob/v1.0.0/LICENSE,Apache-2.0
github.com/containerd/errdefs/pkg,https://github.com/containerd/errdefs/blob/pkg/v0.3.0/pkg/LICENSE,Apache-2.0
github.com/containerd/fifo,https://github.com/containerd/fifo/blob/v1.1.0/LICENSE,Apache-2.0
github.com/containerd/log,https://github.com/containerd/log/blob/v0.1.0/LICENSE,Apache-2.0
github.com/containerd/platforms,https://github.com/containerd/platforms/blob/v0.2.1/LICENSE,Apache-2.0
github.com/containerd/ttrpc,https://github.com/containerd/ttrpc/blob/v1.2.7/LICENSE,Apache-2.0
github.com/containerd/typeurl/v2,https://github.com/containerd/typeurl/blob/v2.2.3/LICENSE,Apache-2.0
github.com/coreos/go-systemd/v22/dbus,https://github.com/coreos/go-systemd/blob/v22.7.0/LICENSE,Apache-2.0
github.com/cyphar/filepath-securejoin,https://github.com/cyphar/filepath-securejoin/blob/v0.7.0/COPYING.md,MPL-2.0
github.com/cyphar/filepath-securejoin,https://github.com/cyphar/filepath-securejoin/blob/v0.7.0/COPYING.md,BSD-3-Clause
github.com/davecgh/go-spew/spew,https://github.com/davecgh/go-spew/blob/d8f796af33cc/LICENSE,ISC
github.com/distribution/reference,https://github.com/distribution/reference/blob/v0.6.0/LICENSE,Apache-2.0
github.com/docker/cli/cli/config,https://github.com/docker/cli/blob/v29.6.2/LICENSE,Apache-2.0
github.com/docker/docker-credential-helpers,https://github.com/docker/docker-credential-helpers/blob/v0.9.3/LICENSE,MIT
github.com/docker/go-connections,https://github.com/docker/go-connections/blob/v0.7.0/LICENSE,Apache-2.0
github.com/docker/go-events,https://github.com/docker/go-events/blob/e31b211e4f1c/LICENSE,Apache-2.0
github.com/docker/go-units,https://github.com/docker/go-units/blob/v0.5.0/LICENSE,Apache-2.0
github.com/emicklei/go-restful/v3,https://github.com/emicklei/go-restful/blob/v3.13.0/LICENSE,MIT
github.com/felixge/httpsnoop,https://github.com/felixge/httpsnoop/blob/v1.0.4/LICENSE.txt,MIT
github.com/florianl/go-tc,https://github.com/florianl/go-tc/blob/v0.4.8/LICENSE,MIT
github.com/fsnotify/fsnotify,https://github.com/fsnotify/fsnotify/blob/v1.10.1/LICENSE,BSD-3-Clause
github.com/fxamacker/cbor/v2,https://github.com/fxamacker/cbor/blob/v2.9.0/LICENSE,MIT
github.com/go-asn1-ber/asn1-ber,https://github.com/go-asn1-ber/asn1-ber/blob/29230038a667/LICENSE,MIT
github.com/go-errors/errors,https://github.com/go-errors/errors/blob/v1.4.2/LICENSE.MIT,MIT
github.com/go-ldap/ldap/v3,https://github.com/go-ldap/ldap/blob/v3.4.12/v3/LICENSE,MIT
github.com/go-logr/logr,https://github.com/go-logr/logr/blob/v1.4.3/LICENSE,Apache-2.0
github.com/go-logr/stdr,https://github.com/go-logr/stdr/blob/v1.2.2/LICENSE,Apache-2.0
github.com/go-openapi/jsonpointer,https://github.com/go-openapi/jsonpointer/blob/v0.21.0/LICENSE,Apache-2.0
github.com/go-openapi/jsonreference,https://github.com/go-openapi/jsonreference/blob/v0.21.0/LICENSE,Apache-2.0
github.com/go-openapi/swag,https://github.com/go-openapi/swag/blob/v0.23.1/LICENSE,Apache-2.0
github.com/go-viper/mapstructure/v2,https://github.com/go-viper/mapstructure/blob/v2.5.0/LICENSE,MIT
github.com/godbus/dbus/v5,https://github.com/godbus/dbus/blob/v5.2.2/LICENSE,BSD-2-Clause
github.com/gofrs/flock,https://github.com/gofrs/flock/blob/v0.13.0/LICENSE,BSD-3-Clause
github.com/gogo/protobuf/proto,https://github.com/gogo/protobuf/blob/v1.3.2/LICENSE,BSD-3-Clause
github.com/golang-jwt/jwt/v4,https://github.com/golang-jwt/jwt/blob/v4.5.2/LICENSE,MIT
github.com/google/btree,https://github.com/google/btree/blob/v1.1.3/LICENSE,Apache-2.0
github.com/google/gnostic-models,https://github.com/google/gnostic-models/blob/v0.7.0/LICENSE,Apache-2.0
github.com/google/go-cmp/cmp,https://github.com/google/go-cmp/blob/v0.7.0/LICENSE,BSD-3-Clause
github.com/google/go-containerregistry/pkg/name,https://github.com/google/go-containerregistry/blob/v0.21.3/LICENSE,Apache-2.0
github.com/google/uuid,https://github.com/google/uuid/blob/v1.6.0/LICENSE,BSD-3-Clause
github.com/in-toto/attestation/go/v1,https://github.com/in-toto/attestation/blob/v1.2.0/LICENSE,Apache-2.0
github.com/inspektor-gadget/inspektor-gadget,https://github.com/inspektor-gadget/inspektor-gadget/blob/e5a2855f270ca6557f4bd7e4fabaddf6760d8f50/LICENSE,Apache-2.0
github.com/josharian/intern,https://github.com/josharian/intern/blob/v1.0.0/license.md,MIT
github.com/josharian/native,https://github.com/josharian/native/blob/v1.1.0/license,MIT
github.com/json-iterator/go,https://github.com/json-iterator/go/blob/v1.1.12/LICENSE,MIT
github.com/klauspost/compress,https://github.com/klauspost/compress/blob/v1.18.4/LICENSE,MIT
github.com/klauspost/compress,https://github.com/klauspost/compress/blob/v1.18.4/LICENSE,Apache-2.0
github.com/klauspost/compress,https://github.com/klauspost/compress/blob/v1.18.4/LICENSE,BSD-3-Clause
github.com/klauspost/compress/internal/snapref,https://github.com/klauspost/compress/blob/v1.18.4/internal/snapref/LICENSE,BSD-3-Clause
github.com/klauspost/compress/zstd/internal/xxhash,https://github.com/klauspost/compress/blob/v1.18.4/zstd/internal/xxhash/LICENSE.txt,MIT
github.com/liggitt/tabwriter,https://github.com/liggitt/tabwriter/blob/89fcab3d43de/LICENSE,BSD-3-Clause
github.com/mailru/easyjson,https://github.com/mailru/easyjson/blob/v0.9.0/LICENSE,MIT
github.com/mdlayher/netlink,https://github.com/mdlayher/netlink/blob/v1.7.2/LICENSE.md,MIT
github.com/mdlayher/socket,https://github.com/mdlayher/socket/blob/v0.5.1/LICENSE.md,MIT
github.com/moby/docker-image-spec/specs-go/v1,https://github.com/moby/docker-image-spec/blob/v1.3.1/LICENSE,Apache-2.0
github.com/moby/locker,https://github.com/moby/locker/blob/v1.0.1/LICENSE,Apache-2.0
github.com/moby/moby/api/types,https://github.com/moby/moby/blob/api/v1.55.0/api/LICENSE,Apache-2.0
github.com/moby/moby/client,https://github.com/moby/moby/blob/client/v0.5.0/client/LICENSE,Apache-2.0
github.com/moby/sys/mountinfo,https://github.com/moby/sys/blob/mountinfo/v0.7.2/mountinfo/LICENSE,Apache-2.0
github.com/moby/sys/signal,https://github.com/moby/sys/blob/signal/v0.7.0/signal/LICENSE,Apache-2.0
github.com/moby/sys/user,https://github.com/moby/sys/blob/user/v0.4.0/user/LICENSE,Apache-2.0
github.com/moby/sys/userns,https://github.com/moby/sys/blob/userns/v0.1.0/userns/LICENSE,Apache-2.0
github.com/moby/term,https://github.com/moby/term/blob/v0.5.2/LICENSE,Apache-2.0
github.com/modern-go/concurrent,https://github.com/modern-go/concurrent/blob/bacd9c7ef1dd/LICENSE,Apache-2.0
github.com/modern-go/reflect2,https://github.com/modern-go/reflect2/blob/35a7c28c31ee/LICENSE,Apache-2.0
github.com/monochromegane/go-gitignore,https://github.com/monochromegane/go-gitignore/blob/205db1a8cc00/LICENSE,MIT
github.com/munnerz/goautoneg,https://github.com/munnerz/goautoneg/blob/a7dc8b61c822/LICENSE,BSD-3-Clause
github.com/notaryproject/notation-core-go,https://github.com/notaryproject/notation-core-go/blob/v1.3.0/LICENSE,Apache-2.0
github.com/notaryproject/notation-go,https://github.com/inspektor-gadget/notation-go/blob/v1.3.3/LICENSE,Apache-2.0
github.com/notaryproject/notation-plugin-framework-go/plugin,https://github.com/notaryproject/notation-plugin-framework-go/blob/v1.0.0/LICENSE,Apache-2.0
github.com/notaryproject/tspclient-go,https://github.com/notaryproject/tspclient-go/blob/v1.0.0/LICENSE,Apache-2.0
github.com/opencontainers/go-digest,https://github.com/opencontainers/go-digest/blob/v1.0.0/LICENSE,Apache-2.0
github.com/opencontainers/image-spec,https://github.com/opencontainers/image-spec/blob/v1.1.1/LICENSE,Apache-2.0
github.com/opencontainers/runtime-spec/specs-go,https://github.com/opencontainers/runtime-spec/blob/v1.2.1/LICENSE,Apache-2.0
github.com/opencontainers/selinux,https://github.com/opencontainers/selinux/blob/v1.13.1/LICENSE,Apache-2.0
github.com/packetcap/go-pcap/filter,https://github.com/packetcap/go-pcap/blob/d00b185f30b7/LICENSE,Apache-2.0
github.com/pelletier/go-toml/v2,https://github.com/pelletier/go-toml/blob/v2.2.4/LICENSE,MIT
github.com/peterbourgon/diskv,https://github.com/peterbourgon/diskv/blob/v2.0.1/LICENSE,MIT
github.com/pkg/errors,https://github.com/pkg/errors/blob/v0.9.1/LICENSE,BSD-2-Clause
github.com/pmezard/go-difflib/difflib,https://github.com/pmezard/go-difflib/blob/5d4384ee4fb2/LICENSE,BSD-3-Clause
github.com/prometheus/client_golang/internal/github.com/golang/gddo/httputil,https://github.com/prometheus/client_golang/blob/v1.23.2/internal/github.com/golang/gddo/LICENSE,BSD-3-Clause
github.com/prometheus/client_golang/prometheus,https://github.com/prometheus/client_golang/blob/v1.23.2/LICENSE,Apache-2.0
github.com/prometheus/client_model/go,https://github.com/prometheus/client_model/blob/v0.6.2/LICENSE,Apache-2.0
github.com/prometheus/common,https://github.com/prometheus/common/blob/v0.67.5/LICENSE,Apache-2.0
github.com/prometheus/procfs,https://github.com/prometheus/procfs/blob/v0.19.2/LICENSE,Apache-2.0
github.com/s3rj1k/go-fanotify/fanotify,https://github.com/s3rj1k/go-fanotify/blob/9c00a300bb7a/fanotify/LICENSE,MIT
github.com/sagikazarmark/locafero,https://github.com/sagikazarmark/locafero/blob/v0.11.0/LICENSE,MIT
github.com/secure-systems-lab/go-securesystemslib,https://github.com/secure-systems-lab/go-securesystemslib/blob/v0.11.0/LICENSE,MIT
github.com/sigstore/protobuf-specs/gen/pb-go,https://github.com/sigstore/protobuf-specs/blob/v0.5.1/LICENSE,Apache-2.0
github.com/sigstore/sigstore/pkg,https://github.com/sigstore/sigstore/blob/v1.10.8/LICENSE,Apache-2.0
github.com/sirupsen/logrus,https://github.com/sirupsen/logrus/blob/v1.9.4/LICENSE,MIT
github.com/sourcegraph/conc,https://github.com/sourcegraph/conc/blob/5f936abd7ae8/LICENSE,MIT
github.com/spf13/afero,https://github.com/spf13/afero/blob/v1.15.0/LICENSE.txt,Apache-2.0
github.com/spf13/cast,https://github.com/spf13/cast/blob/v1.10.0/LICENSE,MIT
github.com/spf13/cobra,https://github.com/spf13/cobra/blob/v1.10.2/LICENSE.txt,Apache-2.0
github.com/spf13/pflag,https://github.com/spf13/pflag/blob/v1.0.10/LICENSE,BSD-3-Clause
github.com/spf13/viper,https://github.com/spf13/viper/blob/v1.21.0/LICENSE,MIT
github.com/subosito/gotenv,https://github.com/subosito/gotenv/blob/v1.6.0/LICENSE,MIT
github.com/veraison/go-cose,https://github.com/veraison/go-cose/blob/v1.3.0/LICENSE,MPL-2.0
github.com/vishvananda/netlink,https://github.com/vishvananda/netlink/blob/v1.3.1/LICENSE,Apache-2.0
github.com/vishvananda/netns,https://github.com/vishvananda/netns/blob/v0.0.5/LICENSE,Apache-2.0
github.com/x448/float16,https://github.com/x448/float16/blob/v0.8.4/LICENSE,MIT
github.com/xlab/treeprint,https://github.com/xlab/treeprint/blob/v1.2.0/LICENSE,MIT
github.com/youmark/pkcs8,https://github.com/youmark/pkcs8/blob/a2c0da244d78/LICENSE,MIT
go.opentelemetry.io/auto/sdk,https://github.com/open-telemetry/opentelemetry-go-instrumentation/blob/sdk/v1.2.1/sdk/LICENSE,Apache-2.0
go.opentelemetry.io/contrib/instrumentation/net/http/otelhttp,https://github.com/open-telemetry/opentelemetry-go-contrib/blob/instrumentation/net/http/otelhttp/v0.65.0/instrumentation/net/http/otelhttp/LICENSE,Apache-2.0
go.opentelemetry.io/contrib/instrumentation/net/http/otelhttp,https://github.com/open-telemetry/opentelemetry-go-contrib/blob/instrumentation/net/http/otelhttp/v0.65.0/instrumentation/net/http/otelhttp/LICENSE,BSD-3-Clause
go.opentelemetry.io/otel,https://github.com/open-telemetry/opentelemetry-go/blob/v1.44.0/LICENSE,Apache-2.0
go.opentelemetry.io/otel,https://github.com/open-telemetry/opentelemetry-go/blob/v1.44.0/LICENSE,BSD-3-Clause
go.opentelemetry.io/otel/metric,https://github.com/open-telemetry/opentelemetry-go/blob/metric/v1.44.0/metric/LICENSE,Apache-2.0
go.opentelemetry.io/otel/metric,https://github.com/open-telemetry/opentelemetry-go/blob/metric/v1.44.0/metric/LICENSE,BSD-3-Clause
go.opentelemetry.io/otel/trace,https://github.com/open-telemetry/opentelemetry-go/blob/trace/v1.44.0/trace/LICENSE,Apache-2.0
go.opentelemetry.io/otel/trace,https://github.com/open-telemetry/opentelemetry-go/blob/trace/v1.44.0/trace/LICENSE,BSD-3-Clause
go.yaml.in/yaml/v2,https://github.com/yaml/go-yaml/blob/v2.4.3/LICENSE,Apache-2.0
go.yaml.in/yaml/v3,https://github.com/yaml/go-yaml/blob/v3.0.4/LICENSE,MIT
golang.org/x/crypto,https://cs.opensource.google/go/x/crypto/+/v0.55.0:LICENSE,BSD-3-Clause
golang.org/x/exp/constraints,https://cs.opensource.google/go/x/exp/+/3dfff04d:LICENSE,BSD-3-Clause
golang.org/x/mod/semver,https://cs.opensource.google/go/x/mod/+/v0.40.0:LICENSE,BSD-3-Clause
golang.org/x/net,https://cs.opensource.google/go/x/net/+/v0.57.0:LICENSE,BSD-3-Clause
golang.org/x/oauth2,https://cs.opensource.google/go/x/oauth2/+/v0.36.0:LICENSE,BSD-3-Clause
golang.org/x/sync,https://cs.opensource.google/go/x/sync/+/v0.22.0:LICENSE,BSD-3-Clause
golang.org/x/sys/unix,https://cs.opensource.google/go/x/sys/+/v0.47.0:LICENSE,BSD-3-Clause
golang.org/x/term,https://cs.opensource.google/go/x/term/+/v0.45.0:LICENSE,BSD-3-Clause
golang.org/x/text,https://cs.opensource.google/go/x/text/+/v0.41.0:LICENSE,BSD-3-Clause
golang.org/x/time/rate,https://cs.opensource.google/go/x/time/+/v0.15.0:LICENSE,BSD-3-Clause
google.golang.org/genproto/googleapis/api,https://github.com/googleapis/go-genproto/blob/3dc84a4a5aaa/googleapis/api/LICENSE,Apache-2.0
google.golang.org/genproto/googleapis/rpc,https://github.com/googleapis/go-genproto/blob/3dc84a4a5aaa/googleapis/rpc/LICENSE,Apache-2.0
google.golang.org/genproto/protobuf/field_mask,https://github.com/googleapis/go-genproto/blob/e639e219e697/LICENSE,Apache-2.0
google.golang.org/grpc,https://github.com/grpc/grpc-go/blob/v1.83.1/LICENSE,Apache-2.0
google.golang.org/protobuf,https://github.com/protocolbuffers/protobuf-go/blob/f2248ac996af/LICENSE,BSD-3-Clause
gopkg.in/evanphx/json-patch.v4,https://github.com/evanphx/json-patch/blob/v4.13.0/LICENSE,BSD-3-Clause
gopkg.in/inf.v0,https://github.com/go-inf/inf/blob/v0.9.1/LICENSE,BSD-3-Clause
gopkg.in/yaml.v2,https://github.com/go-yaml/yaml/blob/v2.4.0/LICENSE,Apache-2.0
gopkg.in/yaml.v3,https://github.com/go-yaml/yaml/blob/v3.0.1/LICENSE,MIT
k8s.io/api,https://github.com/kubernetes/api/blob/v0.36.2/LICENSE,Apache-2.0
k8s.io/apimachinery/pkg,https://github.com/kubernetes/apimachinery/blob/v0.36.2/LICENSE,Apache-2.0
k8s.io/apimachinery/third_party/forked/golang,https://github.com/kubernetes/apimachinery/blob/v0.36.2/third_party/forked/golang/LICENSE,BSD-3-Clause
k8s.io/cli-runtime/pkg,https://github.com/kubernetes/cli-runtime/blob/v0.36.2/LICENSE,Apache-2.0
k8s.io/client-go,https://github.com/kubernetes/client-go/blob/v0.36.2/LICENSE,Apache-2.0
k8s.io/client-go/third_party/forked/golang/template,https://github.com/kubernetes/client-go/blob/v0.36.2/third_party/forked/golang/LICENSE,BSD-3-Clause
k8s.io/client-go/third_party/forked/httpcache,https://github.com/kubernetes/client-go/blob/v0.36.2/third_party/forked/httpcache/LICENSE,MIT
k8s.io/component-base,https://github.com/kubernetes/component-base/blob/v0.36.2/LICENSE,Apache-2.0
k8s.io/cri-api/pkg/apis/runtime/v1,https://github.com/kubernetes/cri-api/blob/v0.36.2/LICENSE,Apache-2.0
k8s.io/klog/v2,https://github.com/kubernetes/klog/blob/v2.140.0/LICENSE,Apache-2.0
k8s.io/kube-openapi/pkg,https://github.com/kubernetes/kube-openapi/blob/43fb72c5454a/LICENSE,Apache-2.0
k8s.io/kube-openapi/pkg/internal/third_party/go-json-experiment/json,https://github.com/kubernetes/kube-openapi/blob/43fb72c5454a/pkg/internal/third_party/go-json-experiment/json/LICENSE,BSD-3-Clause
k8s.io/kube-openapi/pkg/validation/spec,https://github.com/kubernetes/kube-openapi/blob/43fb72c5454a/pkg/validation/spec/LICENSE,Apache-2.0
k8s.io/kubelet/config/v1beta1,https://github.com/kubernetes/kubelet/blob/v0.36.2/LICENSE,Apache-2.0
k8s.io/utils,https://github.com/kubernetes/utils/blob/b8788abfbbc2/LICENSE,Apache-2.0
k8s.io/utils/internal/third_party/forked/golang/net,https://github.com/kubernetes/utils/blob/b8788abfbbc2/internal/third_party/forked/golang/LICENSE,BSD-3-Clause
oras.land/oras-go/v2,https://github.com/oras-project/oras-go/blob/v2.6.2/LICENSE,Apache-2.0
sigs.k8s.io/json,https://github.com/kubernetes-sigs/json/blob/2d320260d730/LICENSE,Apache-2.0
sigs.k8s.io/json,https://github.com/kubernetes-sigs/json/blob/2d320260d730/LICENSE,BSD-3-Clause
sigs.k8s.io/kustomize/api,https://github.com/kubernetes-sigs/kustomize/blob/api/v0.21.1/api/LICENSE,Apache-2.0
sigs.k8s.io/kustomize/kyaml,https://github.com/kubernetes-sigs/kustomize/blob/kyaml/v0.21.1/kyaml/LICENSE,Apache-2.0
sigs.k8s.io/randfill,https://github.com/kubernetes-sigs/randfill/blob/v1.0.0/LICENSE,Apache-2.0
sigs.k8s.io/structured-merge-diff/v6,https://github.com/kubernetes-sigs/structured-merge-diff/blob/v6.3.2/LICENSE,Apache-2.0
sigs.k8s.io/yaml,https://github.com/kubernetes-sigs/yaml/blob/v1.6.0/LICENSE,MIT
sigs.k8s.io/yaml,https://github.com/kubernetes-sigs/yaml/blob/v1.6.0/LICENSE,Apache-2.0
sigs.k8s.io/yaml,https://github.com/kubernetes-sigs/yaml/blob/v1.6.0/LICENSE,BSD-3-Clause
